word,language,repo,stars
test,python,public-apis/public-apis,415246
error,python,public-apis/public-apis,415246
message,python,public-apis/public-apis,415246
return,python,public-apis/public-apis,415246
and,python,public-apis/public-apis,415246
return,python,public-apis/public-apis,415246
type,python,public-apis/public-apis,415246
test,python,public-apis/public-apis,415246
if,python,public-apis/public-apis,415246
get,python,public-apis/public-apis,415246
categories,python,public-apis/public-apis,415246
content,python,public-apis/public-apis,415246
return,python,public-apis/public-apis,415246
correct,python,public-apis/public-apis,415246
data,python,public-apis/public-apis,415246
of,python,public-apis/public-apis,415246
categories,python,public-apis/public-apis,415246
test,python,public-apis/public-apis,415246
if,python,public-apis/public-apis,415246
check,python,public-apis/public-apis,415246
alphabetical,python,public-apis/public-apis,415246
order,python,public-apis/public-apis,415246
return,python,public-apis/public-apis,415246
correct,python,public-apis/public-apis,415246
msg,python,public-apis/public-apis,415246
error,python,public-apis/public-apis,415246
test,python,public-apis/public-apis,415246
check,python,public-apis/public-apis,415246
title,python,public-apis/public-apis,415246
with,python,public-apis/public-apis,415246
correct,python,public-apis/public-apis,415246
title,python,public-apis/public-apis,415246
test,python,public-apis/public-apis,415246
check,python,public-apis/public-apis,415246
title,python,public-apis/public-apis,415246
with,python,public-apis/public-apis,415246
markdown,python,public-apis/public-apis,415246
syntax,python,public-apis/public-apis,415246
incorrect,python,public-apis/public-apis,415246
test,python,public-apis/public-apis,415246
check,python,public-apis/public-apis,415246
title,python,public-apis/public-apis,415246
with,python,public-apis/public-apis,415246
api,python,public-apis/public-apis,415246
at,python,public-apis/public-apis,415246
the,python,public-apis/public-apis,415246
end,python,public-apis/public-apis,415246
of,python,public-apis/public-apis,415246
the,python,public-apis/public-apis,415246
title,python,public-apis/public-apis,415246
test,python,public-apis/public-apis,415246
check,python,public-apis/public-apis,415246
description,python,public-apis/public-apis,415246
with,python,public-apis/public-apis,415246
correct,python,public-apis/public-apis,415246
description,python,public-apis/public-apis,415246
test,python,public-apis/public-apis,415246
check,python,public-apis/public-apis,415246
description,python,public-apis/public-apis,415246
with,python,public-apis/public-apis,415246
first,python,public-apis/public-apis,415246
char,python,public-apis/public-apis,415246
is,python,public-apis/public-apis,415246
not,python,public-apis/public-apis,415246
capitalized,python,public-apis/public-apis,415246
test,python,public-apis/public-apis,415246
check,python,public-apis/public-apis,415246
description,python,public-apis/public-apis,415246
with,python,public-apis/public-apis,415246
punctuation,python,public-apis/public-apis,415246
in,python,public-apis/public-apis,415246
the,python,public-apis/public-apis,415246
end,python,public-apis/public-apis,415246
test,python,public-apis/public-apis,415246
check,python,public-apis/public-apis,415246
description,python,public-apis/public-apis,415246
that,python,public-apis/public-apis,415246
exceeds,python,public-apis/public-apis,415246
the,python,public-apis/public-apis,415246
character,python,public-apis/public-apis,415246
limit,python,public-apis/public-apis,415246
test,python,public-apis/public-apis,415246
check,python,public-apis/public-apis,415246
auth,python,public-apis/public-apis,415246
with,python,public-apis/public-apis,415246
valid,python,public-apis/public-apis,415246
auth,python,public-apis/public-apis,415246
test,python,public-apis/public-apis,415246
check,python,public-apis/public-apis,415246
auth,python,public-apis/public-apis,415246
without,python,public-apis/public-apis,415246
backtick,python,public-apis/public-apis,415246
test,python,public-apis/public-apis,415246
check,python,public-apis/public-apis,415246
auth,python,public-apis/public-apis,415246
with,python,public-apis/public-apis,415246
invalid,python,public-apis/public-apis,415246
auth,python,public-apis/public-apis,415246
test,python,public-apis/public-apis,415246
check,python,public-apis/public-apis,415246
https,python,public-apis/public-apis,415246
with,python,public-apis/public-apis,415246
valid,python,public-apis/public-apis,415246
https,python,public-apis/public-apis,415246
test,python,public-apis/public-apis,415246
check,python,public-apis/public-apis,415246
https,python,public-apis/public-apis,415246
with,python,public-apis/public-apis,415246
invalid,python,public-apis/public-apis,415246
https,python,public-apis/public-apis,415246
test,python,public-apis/public-apis,415246
check,python,public-apis/public-apis,415246
cors,python,public-apis/public-apis,415246
with,python,public-apis/public-apis,415246
valid,python,public-apis/public-apis,415246
cors,python,public-apis/public-apis,415246
test,python,public-apis/public-apis,415246
check,python,public-apis/public-apis,415246
cors,python,public-apis/public-apis,415246
with,python,public-apis/public-apis,415246
invalid,python,public-apis/public-apis,415246
cors,python,public-apis/public-apis,415246
test,python,public-apis/public-apis,415246
check,python,public-apis/public-apis,415246
entry,python,public-apis/public-apis,415246
with,python,public-apis/public-apis,415246
correct,python,public-apis/public-apis,415246
segments,python,public-apis/public-apis,415246
test,python,public-apis/public-apis,415246
check,python,public-apis/public-apis,415246
entry,python,public-apis/public-apis,415246
with,python,public-apis/public-apis,415246
incorrect,python,public-apis/public-apis,415246
segments,python,public-apis/public-apis,415246
test,python,public-apis/public-apis,415246
check,python,public-apis/public-apis,415246
file,python,public-apis/public-apis,415246
format,python,public-apis/public-apis,415246
with,python,public-apis/public-apis,415246
correct,python,public-apis/public-apis,415246
format,python,public-apis/public-apis,415246
test,python,public-apis/public-apis,415246
check,python,public-apis/public-apis,415246
file,python,public-apis/public-apis,415246
format,python,public-apis/public-apis,415246
with,python,public-apis/public-apis,415246
category,python,public-apis/public-apis,415246
header,python,public-apis/public-apis,415246
not,python,public-apis/public-apis,415246
added,python,public-apis/public-apis,415246
to,python,public-apis/public-apis,415246
index,python,public-apis/public-apis,415246
test,python,public-apis/public-apis,415246
check,python,public-apis/public-apis,415246
file,python,public-apis/public-apis,415246
format,python,public-apis/public-apis,415246
with,python,public-apis/public-apis,415246
category,python,public-apis/public-apis,415246
without,python,public-apis/public-apis,415246
min,python,public-apis/public-apis,415246
entries,python,public-apis/public-apis,415246
test,python,public-apis/public-apis,415246
check,python,public-apis/public-apis,415246
file,python,public-apis/public-apis,415246
format,python,public-apis/public-apis,415246
entry,python,public-apis/public-apis,415246
without,python,public-apis/public-apis,415246
all,python,public-apis/public-apis,415246
necessary,python,public-apis/public-apis,415246
columns,python,public-apis/public-apis,415246
test,python,public-apis/public-apis,415246
check,python,public-apis/public-apis,415246
file,python,public-apis/public-apis,415246
format,python,public-apis/public-apis,415246
without,python,public-apis/public-apis,415246
space,python,public-apis/public-apis,415246
between,python,public-apis/public-apis,415246
the,python,public-apis/public-apis,415246
segments,python,public-apis/public-apis,415246
set,python,public-apis/public-apis,415246
up,python,public-apis/public-apis,415246
test,python,public-apis/public-apis,415246
find,python,public-apis/public-apis,415246
link,python,public-apis/public-apis,415246
in,python,public-apis/public-apis,415246
text,python,public-apis/public-apis,415246
test,python,public-apis/public-apis,415246
find,python,public-apis/public-apis,415246
link,python,public-apis/public-apis,415246
in,python,public-apis/public-apis,415246
text,python,public-apis/public-apis,415246
with,python,public-apis/public-apis,415246
invalid,python,public-apis/public-apis,415246
argument,python,public-apis/public-apis,415246
test,python,public-apis/public-apis,415246
if,python,public-apis/public-apis,415246
check,python,public-apis/public-apis,415246
duplicate,python,public-apis/public-apis,415246
links,python,public-apis/public-apis,415246
has,python,public-apis/public-apis,415246
the,python,public-apis/public-apis,415246
correct,python,public-apis/public-apis,415246
return,python,public-apis/public-apis,415246
test,python,public-apis/public-apis,415246
if,python,public-apis/public-apis,415246
fake,python,public-apis/public-apis,415246
user,python,public-apis/public-apis,415246
agent,python,public-apis/public-apis,415246
has,python,public-apis/public-apis,415246
str,python,public-apis/public-apis,415246
as,python,public-apis/public-apis,415246
return,python,public-apis/public-apis,415246
test,python,public-apis/public-apis,415246
get,python,public-apis/public-apis,415246
host,python,public-apis/public-apis,415246
from,python,public-apis/public-apis,415246
link,python,public-apis/public-apis,415246
test,python,public-apis/public-apis,415246
has,python,public-apis/public-apis,415246
cloudflare,python,public-apis/public-apis,415246
protection,python,public-apis/public-apis,415246
with,python,public-apis/public-apis,415246
code,python,public-apis/public-apis,415246
403,python,public-apis/public-apis,415246
and,python,public-apis/public-apis,415246
503,python,public-apis/public-apis,415246
in,python,public-apis/public-apis,415246
response,python,public-apis/public-apis,415246
test,python,public-apis/public-apis,415246
has,python,public-apis/public-apis,415246
cloudflare,python,public-apis/public-apis,415246
protection,python,public-apis/public-apis,415246
when,python,public-apis/public-apis,415246
there,python,public-apis/public-apis,415246
is,python,public-apis/public-apis,415246
no,python,public-apis/public-apis,415246
protection,python,public-apis/public-apis,415246
error,python,public-apis/public-apis,415246
message,python,public-apis/public-apis,415246
get,python,public-apis/public-apis,415246
categories,python,public-apis/public-apis,415246
content,python,public-apis/public-apis,415246
check,python,public-apis/public-apis,415246
alphabetical,python,public-apis/public-apis,415246
order,python,public-apis/public-apis,415246
check,python,public-apis/public-apis,415246
title,python,public-apis/public-apis,415246
check,python,public-apis/public-apis,415246
description,python,public-apis/public-apis,415246
check,python,public-apis/public-apis,415246
auth,python,public-apis/public-apis,415246
check,python,public-apis/public-apis,415246
https,python,public-apis/public-apis,415246
check,python,public-apis/public-apis,415246
cors,python,public-apis/public-apis,415246
check,python,public-apis/public-apis,415246
entry,python,public-apis/public-apis,415246
check,python,public-apis/public-apis,415246
file,python,public-apis/public-apis,415246
format,python,public-apis/public-apis,415246
main,python,public-apis/public-apis,415246
find,python,public-apis/public-apis,415246
links,python,public-apis/public-apis,415246
in,python,public-apis/public-apis,415246
text,python,public-apis/public-apis,415246
find,python,public-apis/public-apis,415246
links,python,public-apis/public-apis,415246
in,python,public-apis/public-apis,415246
file,python,public-apis/public-apis,415246
check,python,public-apis/public-apis,415246
duplicate,python,public-apis/public-apis,415246
links,python,public-apis/public-apis,415246
fake,python,public-apis/public-apis,415246
user,python,public-apis/public-apis,415246
agent,python,public-apis/public-apis,415246
get,python,public-apis/public-apis,415246
host,python,public-apis/public-apis,415246
from,python,public-apis/public-apis,415246
link,python,public-apis/public-apis,415246
has,python,public-apis/public-apis,415246
cloudflare,python,public-apis/public-apis,415246
protection,python,public-apis/public-apis,415246
check,python,public-apis/public-apis,415246
if,python,public-apis/public-apis,415246
link,python,public-apis/public-apis,415246
is,python,public-apis/public-apis,415246
working,python,public-apis/public-apis,415246
check,python,public-apis/public-apis,415246
if,python,public-apis/public-apis,415246
list,python,public-apis/public-apis,415246
of,python,public-apis/public-apis,415246
links,python,public-apis/public-apis,415246
are,python,public-apis/public-apis,415246
working,python,public-apis/public-apis,415246
start,python,public-apis/public-apis,415246
duplicate,python,public-apis/public-apis,415246
links,python,public-apis/public-apis,415246
checker,python,public-apis/public-apis,415246
start,python,public-apis/public-apis,415246
links,python,public-apis/public-apis,415246
working,python,public-apis/public-apis,415246
checker,python,public-apis/public-apis,415246
main,python,public-apis/public-apis,415246
print,java,Snailclimb/JavaGuide,154417
header,java,Snailclimb/JavaGuide,154417
select,java,Snailclimb/JavaGuide,154417
language,java,Snailclimb/JavaGuide,154417
find,java,Snailclimb/JavaGuide,154417
markdown,java,Snailclimb/JavaGuide,154417
files,java,Snailclimb/JavaGuide,154417
get,java,Snailclimb/JavaGuide,154417
output,java,Snailclimb/JavaGuide,154417
path,java,Snailclimb/JavaGuide,154417
translate,java,Snailclimb/JavaGuide,154417
file,java,Snailclimb/JavaGuide,154417
split,java,Snailclimb/JavaGuide,154417
content,java,Snailclimb/JavaGuide,154417
translate,java,Snailclimb/JavaGuide,154417
text,java,Snailclimb/JavaGuide,154417
load,python,EbookFoundation/free-programming-books,384513
config,python,EbookFoundation/free-programming-books,384513
is,python,EbookFoundation/free-programming-books,384513
rtl,python,EbookFoundation/free-programming-books,384513
filename,python,EbookFoundation/free-programming-books,384513
split,python,EbookFoundation/free-programming-books,384513
by,python,EbookFoundation/free-programming-books,384513
span,python,EbookFoundation/free-programming-books,384513
lint,python,EbookFoundation/free-programming-books,384513
file,python,EbookFoundation/free-programming-books,384513
get,python,EbookFoundation/free-programming-books,384513
changed,python,EbookFoundation/free-programming-books,384513
lines,python,EbookFoundation/free-programming-books,384513
for,python,EbookFoundation/free-programming-books,384513
file,python,EbookFoundation/free-programming-books,384513
main,python,EbookFoundation/free-programming-books,384513
random,java,krahets/hello-algo,123752
access,java,krahets/hello-algo,123752
extend,java,krahets/hello-algo,123752
insert,java,krahets/hello-algo,123752
remove,java,krahets/hello-algo,123752
traverse,java,krahets/hello-algo,123752
find,java,krahets/hello-algo,123752
insert,java,krahets/hello-algo,123752
remove,java,krahets/hello-algo,123752
access,java,krahets/hello-algo,123752
find,java,krahets/hello-algo,123752
size,java,krahets/hello-algo,123752
capacity,java,krahets/hello-algo,123752
get,java,krahets/hello-algo,123752
set,java,krahets/hello-algo,123752
add,java,krahets/hello-algo,123752
insert,java,krahets/hello-algo,123752
remove,java,krahets/hello-algo,123752
extend,java,krahets/hello-algo,123752
capacity,java,krahets/hello-algo,123752
to,java,krahets/hello-algo,123752
array,java,krahets/hello-algo,123752
backtrack,java,krahets/hello-algo,123752
queens,java,krahets/hello-algo,123752
backtrack,java,krahets/hello-algo,123752
permutations,java,krahets/hello-algo,123752
backtrack,java,krahets/hello-algo,123752
permutations,java,krahets/hello-algo,123752
ii,java,krahets/hello-algo,123752
pre,java,krahets/hello-algo,123752
order,java,krahets/hello-algo,123752
pre,java,krahets/hello-algo,123752
order,java,krahets/hello-algo,123752
pre,java,krahets/hello-algo,123752
order,java,krahets/hello-algo,123752
is,java,krahets/hello-algo,123752
solution,java,krahets/hello-algo,123752
record,java,krahets/hello-algo,123752
solution,java,krahets/hello-algo,123752
is,java,krahets/hello-algo,123752
valid,java,krahets/hello-algo,123752
make,java,krahets/hello-algo,123752
choice,java,krahets/hello-algo,123752
undo,java,krahets/hello-algo,123752
choice,java,krahets/hello-algo,123752
backtrack,java,krahets/hello-algo,123752
backtrack,java,krahets/hello-algo,123752
subset,java,krahets/hello-algo,123752
sum,java,krahets/hello-algo,123752
backtrack,java,krahets/hello-algo,123752
subset,java,krahets/hello-algo,123752
sum,java,krahets/hello-algo,123752
naive,java,krahets/hello-algo,123752
backtrack,java,krahets/hello-algo,123752
subset,java,krahets/hello-algo,123752
sum,java,krahets/hello-algo,123752
ii,java,krahets/hello-algo,123752
for,java,krahets/hello-algo,123752
loop,java,krahets/hello-algo,123752
while,java,krahets/hello-algo,123752
loop,java,krahets/hello-algo,123752
while,java,krahets/hello-algo,123752
loop,java,krahets/hello-algo,123752
ii,java,krahets/hello-algo,123752
nested,java,krahets/hello-algo,123752
for,java,krahets/hello-algo,123752
loop,java,krahets/hello-algo,123752
recur,java,krahets/hello-algo,123752
for,java,krahets/hello-algo,123752
loop,java,krahets/hello-algo,123752
recur,java,krahets/hello-algo,123752
tail,java,krahets/hello-algo,123752
recur,java,krahets/hello-algo,123752
fib,java,krahets/hello-algo,123752
function,java,krahets/hello-algo,123752
constant,java,krahets/hello-algo,123752
linear,java,krahets/hello-algo,123752
linear,java,krahets/hello-algo,123752
recur,java,krahets/hello-algo,123752
quadratic,java,krahets/hello-algo,123752
quadratic,java,krahets/hello-algo,123752
recur,java,krahets/hello-algo,123752
build,java,krahets/hello-algo,123752
tree,java,krahets/hello-algo,123752
constant,java,krahets/hello-algo,123752
linear,java,krahets/hello-algo,123752
array,java,krahets/hello-algo,123752
traversal,java,krahets/hello-algo,123752
quadratic,java,krahets/hello-algo,123752
bubble,java,krahets/hello-algo,123752
sort,java,krahets/hello-algo,123752
exponential,java,krahets/hello-algo,123752
exp,java,krahets/hello-algo,123752
recur,java,krahets/hello-algo,123752
logarithmic,java,krahets/hello-algo,123752
log,java,krahets/hello-algo,123752
recur,java,krahets/hello-algo,123752
linear,java,krahets/hello-algo,123752
log,java,krahets/hello-algo,123752
recur,java,krahets/hello-algo,123752
factorial,java,krahets/hello-algo,123752
recur,java,krahets/hello-algo,123752
random,java,krahets/hello-algo,123752
numbers,java,krahets/hello-algo,123752
find,java,krahets/hello-algo,123752
one,java,krahets/hello-algo,123752
dfs,java,krahets/hello-algo,123752
binary,java,krahets/hello-algo,123752
search,java,krahets/hello-algo,123752
dfs,java,krahets/hello-algo,123752
build,java,krahets/hello-algo,123752
tree,java,krahets/hello-algo,123752
move,java,krahets/hello-algo,123752
dfs,java,krahets/hello-algo,123752
solve,java,krahets/hello-algo,123752
hanota,java,krahets/hello-algo,123752
backtrack,java,krahets/hello-algo,123752
climbing,java,krahets/hello-algo,123752
stairs,java,krahets/hello-algo,123752
backtrack,java,krahets/hello-algo,123752
climbing,java,krahets/hello-algo,123752
stairs,java,krahets/hello-algo,123752
constraint,java,krahets/hello-algo,123752
dp,java,krahets/hello-algo,123752
dfs,java,krahets/hello-algo,123752
climbing,java,krahets/hello-algo,123752
stairs,java,krahets/hello-algo,123752
dfs,java,krahets/hello-algo,123752
dfs,java,krahets/hello-algo,123752
climbing,java,krahets/hello-algo,123752
stairs,java,krahets/hello-algo,123752
dfs,java,krahets/hello-algo,123752
mem,java,krahets/hello-algo,123752
climbing,java,krahets/hello-algo,123752
stairs,java,krahets/hello-algo,123752
dp,java,krahets/hello-algo,123752
climbing,java,krahets/hello-algo,123752
stairs,java,krahets/hello-algo,123752
dp,java,krahets/hello-algo,123752
comp,java,krahets/hello-algo,123752
coin,java,krahets/hello-algo,123752
change,java,krahets/hello-algo,123752
dp,java,krahets/hello-algo,123752
coin,java,krahets/hello-algo,123752
change,java,krahets/hello-algo,123752
dp,java,krahets/hello-algo,123752
comp,java,krahets/hello-algo,123752
coin,java,krahets/hello-algo,123752
change,java,krahets/hello-algo,123752
iidp,java,krahets/hello-algo,123752
coin,java,krahets/hello-algo,123752
change,java,krahets/hello-algo,123752
iidp,java,krahets/hello-algo,123752
comp,java,krahets/hello-algo,123752
edit,java,krahets/hello-algo,123752
distance,java,krahets/hello-algo,123752
dfs,java,krahets/hello-algo,123752
edit,java,krahets/hello-algo,123752
distance,java,krahets/hello-algo,123752
dfs,java,krahets/hello-algo,123752
mem,java,krahets/hello-algo,123752
edit,java,krahets/hello-algo,123752
distance,java,krahets/hello-algo,123752
dp,java,krahets/hello-algo,123752
edit,java,krahets/hello-algo,123752
distance,java,krahets/hello-algo,123752
dp,java,krahets/hello-algo,123752
comp,java,krahets/hello-algo,123752
take,python,donnemartin/system-design-primer,340013
call,python,donnemartin/system-design-primer,340013
complete,python,donnemartin/system-design-primer,340013
call,python,donnemartin/system-design-primer,340013
escalate,python,donnemartin/system-design-primer,340013
call,python,donnemartin/system-design-primer,340013
escalate,python,donnemartin/system-design-primer,340013
call,python,donnemartin/system-design-primer,340013
escalate,python,donnemartin/system-design-primer,340013
call,python,donnemartin/system-design-primer,340013
escalate,python,donnemartin/system-design-primer,340013
call,python,donnemartin/system-design-primer,340013
escalate,python,donnemartin/system-design-primer,340013
call,python,donnemartin/system-design-primer,340013
dispatch,python,donnemartin/system-design-primer,340013
call,python,donnemartin/system-design-primer,340013
dispatch,python,donnemartin/system-design-primer,340013
call,python,donnemartin/system-design-primer,340013
notify,python,donnemartin/system-design-primer,340013
call,python,donnemartin/system-design-primer,340013
escalated,python,donnemartin/system-design-primer,340013
notify,python,donnemartin/system-design-primer,340013
call,python,donnemartin/system-design-primer,340013
completed,python,donnemartin/system-design-primer,340013
dispatch,python,donnemartin/system-design-primer,340013
queued,python,donnemartin/system-design-primer,340013
call,python,donnemartin/system-design-primer,340013
to,python,donnemartin/system-design-primer,340013
newly,python,donnemartin/system-design-primer,340013
freed,python,donnemartin/system-design-primer,340013
employee,python,donnemartin/system-design-primer,340013
value,python,donnemartin/system-design-primer,340013
value,python,donnemartin/system-design-primer,340013
is,python,donnemartin/system-design-primer,340013
ace,python,donnemartin/system-design-primer,340013
is,python,donnemartin/system-design-primer,340013
face,python,donnemartin/system-design-primer,340013
card,python,donnemartin/system-design-primer,340013
value,python,donnemartin/system-design-primer,340013
value,python,donnemartin/system-design-primer,340013
add,python,donnemartin/system-design-primer,340013
card,python,donnemartin/system-design-primer,340013
score,python,donnemartin/system-design-primer,340013
score,python,donnemartin/system-design-primer,340013
possible,python,donnemartin/system-design-primer,340013
scores,python,donnemartin/system-design-primer,340013
remaining,python,donnemartin/system-design-primer,340013
cards,python,donnemartin/system-design-primer,340013
deal,python,donnemartin/system-design-primer,340013
card,python,donnemartin/system-design-primer,340013
shuffle,python,donnemartin/system-design-primer,340013
hash,python,donnemartin/system-design-primer,340013
function,python,donnemartin/system-design-primer,340013
set,python,donnemartin/system-design-primer,340013
get,python,donnemartin/system-design-primer,340013
remove,python,donnemartin/system-design-primer,340013
move,python,donnemartin/system-design-primer,340013
to,python,donnemartin/system-design-primer,340013
front,python,donnemartin/system-design-primer,340013
append,python,donnemartin/system-design-primer,340013
to,python,donnemartin/system-design-primer,340013
front,python,donnemartin/system-design-primer,340013
remove,python,donnemartin/system-design-primer,340013
from,python,donnemartin/system-design-primer,340013
tail,python,donnemartin/system-design-primer,340013
get,python,donnemartin/system-design-primer,340013
set,python,donnemartin/system-design-primer,340013
add,python,donnemartin/system-design-primer,340013
user,python,donnemartin/system-design-primer,340013
remove,python,donnemartin/system-design-primer,340013
user,python,donnemartin/system-design-primer,340013
add,python,donnemartin/system-design-primer,340013
friend,python,donnemartin/system-design-primer,340013
request,python,donnemartin/system-design-primer,340013
approve,python,donnemartin/system-design-primer,340013
friend,python,donnemartin/system-design-primer,340013
request,python,donnemartin/system-design-primer,340013
reject,python,donnemartin/system-design-primer,340013
friend,python,donnemartin/system-design-primer,340013
request,python,donnemartin/system-design-primer,340013
message,python,donnemartin/system-design-primer,340013
user,python,donnemartin/system-design-primer,340013
message,python,donnemartin/system-design-primer,340013
group,python,donnemartin/system-design-primer,340013
send,python,donnemartin/system-design-primer,340013
friend,python,donnemartin/system-design-primer,340013
request,python,donnemartin/system-design-primer,340013
receive,python,donnemartin/system-design-primer,340013
friend,python,donnemartin/system-design-primer,340013
request,python,donnemartin/system-design-primer,340013
approve,python,donnemartin/system-design-primer,340013
friend,python,donnemartin/system-design-primer,340013
request,python,donnemartin/system-design-primer,340013
reject,python,donnemartin/system-design-primer,340013
friend,python,donnemartin/system-design-primer,340013
request,python,donnemartin/system-design-primer,340013
add,python,donnemartin/system-design-primer,340013
user,python,donnemartin/system-design-primer,340013
remove,python,donnemartin/system-design-primer,340013
user,python,donnemartin/system-design-primer,340013
clear,python,donnemartin/system-design-primer,340013
spots,python,donnemartin/system-design-primer,340013
take,python,donnemartin/system-design-primer,340013
spot,python,donnemartin/system-design-primer,340013
can,python,donnemartin/system-design-primer,340013
fit,python,donnemartin/system-design-primer,340013
in,python,donnemartin/system-design-primer,340013
spot,python,donnemartin/system-design-primer,340013
can,python,donnemartin/system-design-primer,340013
fit,python,donnemartin/system-design-primer,340013
in,python,donnemartin/system-design-primer,340013
spot,python,donnemartin/system-design-primer,340013
can,python,donnemartin/system-design-primer,340013
fit,python,donnemartin/system-design-primer,340013
in,python,donnemartin/system-design-primer,340013
spot,python,donnemartin/system-design-primer,340013
can,python,donnemartin/system-design-primer,340013
fit,python,donnemartin/system-design-primer,340013
in,python,donnemartin/system-design-primer,340013
spot,python,donnemartin/system-design-primer,340013
park,python,donnemartin/system-design-primer,340013
vehicle,python,donnemartin/system-design-primer,340013
spot,python,donnemartin/system-design-primer,340013
freed,python,donnemartin/system-design-primer,340013
park,python,donnemartin/system-design-primer,340013
vehicle,python,donnemartin/system-design-primer,340013
find,python,donnemartin/system-design-primer,340013
available,python,donnemartin/system-design-primer,340013
spot,python,donnemartin/system-design-primer,340013
park,python,donnemartin/system-design-primer,340013
starting,python,donnemartin/system-design-primer,340013
at,python,donnemartin/system-design-primer,340013
spot,python,donnemartin/system-design-primer,340013
is,python,donnemartin/system-design-primer,340013
available,python,donnemartin/system-design-primer,340013
can,python,donnemartin/system-design-primer,340013
fit,python,donnemartin/system-design-primer,340013
vehicle,python,donnemartin/system-design-primer,340013
park,python,donnemartin/system-design-primer,340013
vehicle,python,donnemartin/system-design-primer,340013
remove,python,donnemartin/system-design-primer,340013
vehicle,python,donnemartin/system-design-primer,340013
current,python,donnemartin/system-design-primer,340013
year,python,donnemartin/system-design-primer,340013
month,python,donnemartin/system-design-primer,340013
extract,python,donnemartin/system-design-primer,340013
year,python,donnemartin/system-design-primer,340013
month,python,donnemartin/system-design-primer,340013
handle,python,donnemartin/system-design-primer,340013
budget,python,donnemartin/system-design-primer,340013
notifications,python,donnemartin/system-design-primer,340013
mapper,python,donnemartin/system-design-primer,340013
reducer,python,donnemartin/system-design-primer,340013
steps,python,donnemartin/system-design-primer,340013
categorize,python,donnemartin/system-design-primer,340013
override,python,donnemartin/system-design-primer,340013
category,python,donnemartin/system-design-primer,340013
budget,python,donnemartin/system-design-primer,340013
extract,python,donnemartin/system-design-primer,340013
url,python,donnemartin/system-design-primer,340013
extract,python,donnemartin/system-design-primer,340013
year,python,donnemartin/system-design-primer,340013
month,python,donnemartin/system-design-primer,340013
mapper,python,donnemartin/system-design-primer,340013
reducer,python,donnemartin/system-design-primer,340013
steps,python,donnemartin/system-design-primer,340013
parse,python,donnemartin/system-design-primer,340013
query,python,donnemartin/system-design-primer,340013
process,python,donnemartin/system-design-primer,340013
query,python,donnemartin/system-design-primer,340013
move,python,donnemartin/system-design-primer,340013
to,python,donnemartin/system-design-primer,340013
front,python,donnemartin/system-design-primer,340013
append,python,donnemartin/system-design-primer,340013
to,python,donnemartin/system-design-primer,340013
front,python,donnemartin/system-design-primer,340013
remove,python,donnemartin/system-design-primer,340013
from,python,donnemartin/system-design-primer,340013
tail,python,donnemartin/system-design-primer,340013
get,python,donnemartin/system-design-primer,340013
set,python,donnemartin/system-design-primer,340013
within,python,donnemartin/system-design-primer,340013
past,python,donnemartin/system-design-primer,340013
week,python,donnemartin/system-design-primer,340013
mapper,python,donnemartin/system-design-primer,340013
reducer,python,donnemartin/system-design-primer,340013
mapper,python,donnemartin/system-design-primer,340013
sort,python,donnemartin/system-design-primer,340013
reducer,python,donnemartin/system-design-primer,340013
identity,python,donnemartin/system-design-primer,340013
steps,python,donnemartin/system-design-primer,340013
bfs,python,donnemartin/system-design-primer,340013
get,python,donnemartin/system-design-primer,340013
person,python,donnemartin/system-design-primer,340013
get,python,donnemartin/system-design-primer,340013
people,python,donnemartin/system-design-primer,340013
bfs,python,donnemartin/system-design-primer,340013
mapper,python,donnemartin/system-design-primer,340013
reducer,python,donnemartin/system-design-primer,340013
steps,python,donnemartin/system-design-primer,340013
add,python,donnemartin/system-design-primer,340013
link,python,donnemartin/system-design-primer,340013
to,python,donnemartin/system-design-primer,340013
crawl,python,donnemartin/system-design-primer,340013
remove,python,donnemartin/system-design-primer,340013
link,python,donnemartin/system-design-primer,340013
to,python,donnemartin/system-design-primer,340013
crawl,python,donnemartin/system-design-primer,340013
reduce,python,donnemartin/system-design-primer,340013
priority,python,donnemartin/system-design-primer,340013
link,python,donnemartin/system-design-primer,340013
to,python,donnemartin/system-design-primer,340013
crawl,python,donnemartin/system-design-primer,340013
extract,python,donnemartin/system-design-primer,340013
max,python,donnemartin/system-design-primer,340013
priority,python,donnemartin/system-design-primer,340013
page,python,donnemartin/system-design-primer,340013
insert,python,donnemartin/system-design-primer,340013
crawled,python,donnemartin/system-design-primer,340013
link,python,donnemartin/system-design-primer,340013
crawled,python,donnemartin/system-design-primer,340013
similar,python,donnemartin/system-design-primer,340013
create,python,donnemartin/system-design-primer,340013
signature,python,donnemartin/system-design-primer,340013
crawl,python,donnemartin/system-design-primer,340013
page,python,donnemartin/system-design-primer,340013
crawl,python,donnemartin/system-design-primer,340013
detect,python,vinta/awesome-python,288707
source,python,vinta/awesome-python,288707
type,python,vinta/awesome-python,288707
extract,python,vinta/awesome-python,288707
github,python,vinta/awesome-python,288707
repo,python,vinta/awesome-python,288707
load,python,vinta/awesome-python,288707
stars,python,vinta/awesome-python,288707
sort,python,vinta/awesome-python,288707
entries,python,vinta/awesome-python,288707
extract,python,vinta/awesome-python,288707
entries,python,vinta/awesome-python,288707
format,python,vinta/awesome-python,288707
stars,python,vinta/awesome-python,288707
short,python,vinta/awesome-python,288707
build,python,vinta/awesome-python,288707
sort,python,vinta/awesome-python,288707
key,python,vinta/awesome-python,288707
extract,python,vinta/awesome-python,288707
github,python,vinta/awesome-python,288707
repos,python,vinta/awesome-python,288707
save,python,vinta/awesome-python,288707
cache,python,vinta/awesome-python,288707
build,python,vinta/awesome-python,288707
graphql,python,vinta/awesome-python,288707
query,python,vinta/awesome-python,288707
parse,python,vinta/awesome-python,288707
graphql,python,vinta/awesome-python,288707
response,python,vinta/awesome-python,288707
fetch,python,vinta/awesome-python,288707
batch,python,vinta/awesome-python,288707
main,python,vinta/awesome-python,288707
slugify,python,vinta/awesome-python,288707
render,python,vinta/awesome-python,288707
inline,python,vinta/awesome-python,288707
html,python,vinta/awesome-python,288707
render,python,vinta/awesome-python,288707
inline,python,vinta/awesome-python,288707
text,python,vinta/awesome-python,288707
heading,python,vinta/awesome-python,288707
text,python,vinta/awesome-python,288707
extract,python,vinta/awesome-python,288707
description,python,vinta/awesome-python,288707
find,python,vinta/awesome-python,288707
child,python,vinta/awesome-python,288707
find,python,vinta/awesome-python,288707
inline,python,vinta/awesome-python,288707
find,python,vinta/awesome-python,288707
first,python,vinta/awesome-python,288707
link,python,vinta/awesome-python,288707
is,python,vinta/awesome-python,288707
leading,python,vinta/awesome-python,288707
link,python,vinta/awesome-python,288707
extract,python,vinta/awesome-python,288707
description,python,vinta/awesome-python,288707
html,python,vinta/awesome-python,288707
parse,python,vinta/awesome-python,288707
list,python,vinta/awesome-python,288707
entries,python,vinta/awesome-python,288707
parse,python,vinta/awesome-python,288707
section,python,vinta/awesome-python,288707
entries,python,vinta/awesome-python,288707
build,python,vinta/awesome-python,288707
section,python,vinta/awesome-python,288707
is,python,vinta/awesome-python,288707
bold,python,vinta/awesome-python,288707
marker,python,vinta/awesome-python,288707
parse,python,vinta/awesome-python,288707
grouped,python,vinta/awesome-python,288707
sections,python,vinta/awesome-python,288707
parse,python,vinta/awesome-python,288707
readme,python,vinta/awesome-python,288707
flush,python,vinta/awesome-python,288707
cat,python,vinta/awesome-python,288707
flush,python,vinta/awesome-python,288707
group,python,vinta/awesome-python,288707
test,python,vinta/awesome-python,288707
simple,python,vinta/awesome-python,288707
test,python,vinta/awesome-python,288707
uppercase,python,vinta/awesome-python,288707
acronym,python,vinta/awesome-python,288707
test,python,vinta/awesome-python,288707
all,python,vinta/awesome-python,288707
caps,python,vinta/awesome-python,288707
test,python,vinta/awesome-python,288707
hyphenated,python,vinta/awesome-python,288707
input,python,vinta/awesome-python,288707
test,python,vinta/awesome-python,288707
special,python,vinta/awesome-python,288707
chars,python,vinta/awesome-python,288707
test,python,vinta/awesome-python,288707
single,python,vinta/awesome-python,288707
word,python,vinta/awesome-python,288707
test,python,vinta/awesome-python,288707
extra,python,vinta/awesome-python,288707
spaces,python,vinta/awesome-python,288707
make,python,vinta/awesome-python,288707
repo,python,vinta/awesome-python,288707
test,python,vinta/awesome-python,288707
build,python,vinta/awesome-python,288707
creates,python,vinta/awesome-python,288707
single,python,vinta/awesome-python,288707
page,python,vinta/awesome-python,288707
test,python,vinta/awesome-python,288707
build,python,vinta/awesome-python,288707
cleans,python,vinta/awesome-python,288707
stale,python,vinta/awesome-python,288707
output,python,vinta/awesome-python,288707
test,python,vinta/awesome-python,288707
index,python,vinta/awesome-python,288707
contains,python,vinta/awesome-python,288707
category,python,vinta/awesome-python,288707
names,python,vinta/awesome-python,288707
test,python,vinta/awesome-python,288707
index,python,vinta/awesome-python,288707
contains,python,vinta/awesome-python,288707
preview,python,vinta/awesome-python,288707
text,python,vinta/awesome-python,288707
test,python,vinta/awesome-python,288707
build,python,vinta/awesome-python,288707
with,python,vinta/awesome-python,288707
stars,python,vinta/awesome-python,288707
sorts,python,vinta/awesome-python,288707
by,python,vinta/awesome-python,288707
stars,python,vinta/awesome-python,288707
test,python,vinta/awesome-python,288707
github,python,vinta/awesome-python,288707
url,python,vinta/awesome-python,288707
test,python,vinta/awesome-python,288707
non,python,vinta/awesome-python,288707
github,python,vinta/awesome-python,288707
url,python,vinta/awesome-python,288707
test,python,vinta/awesome-python,288707
github,python,vinta/awesome-python,288707
io,python,vinta/awesome-python,288707
url,python,vinta/awesome-python,288707
test,python,vinta/awesome-python,288707
trailing,python,vinta/awesome-python,288707
slash,python,vinta/awesome-python,288707
test,python,vinta/awesome-python,288707
deep,python,vinta/awesome-python,288707
path,python,vinta/awesome-python,288707
test,python,vinta/awesome-python,288707
dot,python,vinta/awesome-python,288707
git,python,vinta/awesome-python,288707
suffix,python,vinta/awesome-python,288707
test,python,vinta/awesome-python,288707
org,python,vinta/awesome-python,288707
only,python,vinta/awesome-python,288707
test,python,vinta/awesome-python,288707
returns,python,vinta/awesome-python,288707
empty,python,vinta/awesome-python,288707
when,python,vinta/awesome-python,288707
missing,python,vinta/awesome-python,288707
test,python,vinta/awesome-python,288707
loads,python,vinta/awesome-python,288707
valid,python,vinta/awesome-python,288707
json,python,vinta/awesome-python,288707
test,python,vinta/awesome-python,288707
returns,python,vinta/awesome-python,288707
empty,python,vinta/awesome-python,288707
on,python,vinta/awesome-python,288707
corrupt,python,vinta/awesome-python,288707
json,python,vinta/awesome-python,288707
test,python,vinta/awesome-python,288707
sorts,python,vinta/awesome-python,288707
by,python,vinta/awesome-python,288707
stars,python,vinta/awesome-python,288707
descending,python,vinta/awesome-python,288707
test,python,vinta/awesome-python,288707
equal,python,vinta/awesome-python,288707
stars,python,vinta/awesome-python,288707
sorted,python,vinta/awesome-python,288707
alphabetically,python,vinta/awesome-python,288707
test,python,vinta/awesome-python,288707
no,python,vinta/awesome-python,288707
stars,python,vinta/awesome-python,288707
go,python,vinta/awesome-python,288707
to,python,vinta/awesome-python,288707
bottom,python,vinta/awesome-python,288707
test,python,vinta/awesome-python,288707
no,python,vinta/awesome-python,288707
stars,python,vinta/awesome-python,288707
sorted,python,vinta/awesome-python,288707
alphabetically,python,vinta/awesome-python,288707
test,python,vinta/awesome-python,288707
builtin,python,vinta/awesome-python,288707
between,python,vinta/awesome-python,288707
starred,python,vinta/awesome-python,288707
and,python,vinta/awesome-python,288707
unstarred,python,vinta/awesome-python,288707
test,python,vinta/awesome-python,288707
github,python,vinta/awesome-python,288707
repo,python,vinta/awesome-python,288707
returns,python,vinta/awesome-python,288707
none,python,vinta/awesome-python,288707
test,python,vinta/awesome-python,288707
stdlib,python,vinta/awesome-python,288707
url,python,vinta/awesome-python,288707
test,python,vinta/awesome-python,288707
gitlab,python,vinta/awesome-python,288707
url,python,vinta/awesome-python,288707
test,python,vinta/awesome-python,288707
bitbucket,python,vinta/awesome-python,288707
url,python,vinta/awesome-python,288707
test,python,vinta/awesome-python,288707
non,python,vinta/awesome-python,288707
github,python,vinta/awesome-python,288707
external,python,vinta/awesome-python,288707
test,python,vinta/awesome-python,288707
github,python,vinta/awesome-python,288707
non,python,vinta/awesome-python,288707
repo,python,vinta/awesome-python,288707
returns,python,vinta/awesome-python,288707
none,python,vinta/awesome-python,288707
test,python,vinta/awesome-python,288707
under,python,vinta/awesome-python,288707
1000,python,vinta/awesome-python,288707
test,python,vinta/awesome-python,288707
exactly,python,vinta/awesome-python,288707
1000,python,vinta/awesome-python,288707
test,python,vinta/awesome-python,288707
large,python,vinta/awesome-python,288707
number,python,vinta/awesome-python,288707
test,python,vinta/awesome-python,288707
zero,python,vinta/awesome-python,288707
test,python,vinta/awesome-python,288707
basic,python,vinta/awesome-python,288707
extraction,python,vinta/awesome-python,288707
test,python,vinta/awesome-python,288707
duplicate,python,vinta/awesome-python,288707
entry,python,vinta/awesome-python,288707
merged,python,vinta/awesome-python,288707
test,python,vinta/awesome-python,288707
source,python,vinta/awesome-python,288707
type,python,vinta/awesome-python,288707
detected,python,vinta/awesome-python,288707
test,python,vinta/awesome-python,288707
extracts,python,vinta/awesome-python,288707
owner,python,vinta/awesome-python,288707
repo,python,vinta/awesome-python,288707
from,python,vinta/awesome-python,288707
github,python,vinta/awesome-python,288707
url,python,vinta/awesome-python,288707
test,python,vinta/awesome-python,288707
multiple,python,vinta/awesome-python,288707
repos,python,vinta/awesome-python,288707
test,python,vinta/awesome-python,288707
ignores,python,vinta/awesome-python,288707
non,python,vinta/awesome-python,288707
github,python,vinta/awesome-python,288707
urls,python,vinta/awesome-python,288707
test,python,vinta/awesome-python,288707
ignores,python,vinta/awesome-python,288707
github,python,vinta/awesome-python,288707
io,python,vinta/awesome-python,288707
urls,python,vinta/awesome-python,288707
test,python,vinta/awesome-python,288707
ignores,python,vinta/awesome-python,288707
github,python,vinta/awesome-python,288707
wiki,python,vinta/awesome-python,288707
and,python,vinta/awesome-python,288707
blob,python,vinta/awesome-python,288707
urls,python,vinta/awesome-python,288707
test,python,vinta/awesome-python,288707
handles,python,vinta/awesome-python,288707
trailing,python,vinta/awesome-python,288707
slash,python,vinta/awesome-python,288707
test,python,vinta/awesome-python,288707
deduplicates,python,vinta/awesome-python,288707
test,python,vinta/awesome-python,288707
strips,python,vinta/awesome-python,288707
fragment,python,vinta/awesome-python,288707
test,python,vinta/awesome-python,288707
creates,python,vinta/awesome-python,288707
directory,python,vinta/awesome-python,288707
and,python,vinta/awesome-python,288707
writes,python,vinta/awesome-python,288707
json,python,vinta/awesome-python,288707
test,python,vinta/awesome-python,288707
single,python,vinta/awesome-python,288707
repo,python,vinta/awesome-python,288707
test,python,vinta/awesome-python,288707
multiple,python,vinta/awesome-python,288707
repos,python,vinta/awesome-python,288707
use,python,vinta/awesome-python,288707
aliases,python,vinta/awesome-python,288707
test,python,vinta/awesome-python,288707
empty,python,vinta/awesome-python,288707
list,python,vinta/awesome-python,288707
test,python,vinta/awesome-python,288707
skips,python,vinta/awesome-python,288707
repos,python,vinta/awesome-python,288707
with,python,vinta/awesome-python,288707
quotes,python,vinta/awesome-python,288707
in,python,vinta/awesome-python,288707
name,python,vinta/awesome-python,288707
test,python,vinta/awesome-python,288707
skips,python,vinta/awesome-python,288707
only,python,vinta/awesome-python,288707
bad,python,vinta/awesome-python,288707
repos,python,vinta/awesome-python,288707
test,python,vinta/awesome-python,288707
parses,python,vinta/awesome-python,288707
star,python,vinta/awesome-python,288707
count,python,vinta/awesome-python,288707
and,python,vinta/awesome-python,288707
owner,python,vinta/awesome-python,288707
test,python,vinta/awesome-python,288707
skips,python,vinta/awesome-python,288707
null,python,vinta/awesome-python,288707
repos,python,vinta/awesome-python,288707
test,python,vinta/awesome-python,288707
handles,python,vinta/awesome-python,288707
missing,python,vinta/awesome-python,288707
owner,python,vinta/awesome-python,288707
test,python,vinta/awesome-python,288707
multiple,python,vinta/awesome-python,288707
repos,python,vinta/awesome-python,288707
test,python,vinta/awesome-python,288707
extracts,python,vinta/awesome-python,288707
last,python,vinta/awesome-python,288707
commit,python,vinta/awesome-python,288707
at,python,vinta/awesome-python,288707
test,python,vinta/awesome-python,288707
missing,python,vinta/awesome-python,288707
default,python,vinta/awesome-python,288707
branch,python,vinta/awesome-python,288707
ref,python,vinta/awesome-python,288707
test,python,vinta/awesome-python,288707
skips,python,vinta/awesome-python,288707
fetch,python,vinta/awesome-python,288707
when,python,vinta/awesome-python,288707
cache,python,vinta/awesome-python,288707
is,python,vinta/awesome-python,288707
fresh,python,vinta/awesome-python,288707
test,python,vinta/awesome-python,288707
fetches,python,vinta/awesome-python,288707
when,python,vinta/awesome-python,288707
cache,python,vinta/awesome-python,288707
is,python,vinta/awesome-python,288707
stale,python,vinta/awesome-python,288707
parse,python,vinta/awesome-python,288707
inline,python,vinta/awesome-python,288707
content,python,vinta/awesome-python,288707
nodes,python,vinta/awesome-python,288707
test,python,vinta/awesome-python,288707
plain,python,vinta/awesome-python,288707
text,python,vinta/awesome-python,288707
escapes,python,vinta/awesome-python,288707
html,python,vinta/awesome-python,288707
test,python,vinta/awesome-python,288707
link,python,vinta/awesome-python,288707
with,python,vinta/awesome-python,288707
target,python,vinta/awesome-python,288707
test,python,vinta/awesome-python,288707
emphasis,python,vinta/awesome-python,288707
test,python,vinta/awesome-python,288707
strong,python,vinta/awesome-python,288707
test,python,vinta/awesome-python,288707
code,python,vinta/awesome-python,288707
inline,python,vinta/awesome-python,288707
test,python,vinta/awesome-python,288707
mixed,python,vinta/awesome-python,288707
link,python,vinta/awesome-python,288707
and,python,vinta/awesome-python,288707
text,python,vinta/awesome-python,288707
test,python,vinta/awesome-python,288707
plain,python,vinta/awesome-python,288707
text,python,vinta/awesome-python,288707
test,python,vinta/awesome-python,288707
link,python,vinta/awesome-python,288707
becomes,python,vinta/awesome-python,288707
text,python,vinta/awesome-python,288707
test,python,vinta/awesome-python,288707
emphasis,python,vinta/awesome-python,288707
stripped,python,vinta/awesome-python,288707
test,python,vinta/awesome-python,288707
code,python,vinta/awesome-python,288707
inline,python,vinta/awesome-python,288707
kept,python,vinta/awesome-python,288707
test,python,vinta/awesome-python,288707
ungrouped,python,vinta/awesome-python,288707
categories,python,vinta/awesome-python,288707
go,python,vinta/awesome-python,288707
to,python,vinta/awesome-python,288707
other,python,vinta/awesome-python,288707
test,python,vinta/awesome-python,288707
ungrouped,python,vinta/awesome-python,288707
category,python,vinta/awesome-python,288707
names,python,vinta/awesome-python,288707
test,python,vinta/awesome-python,288707
category,python,vinta/awesome-python,288707
slugs,python,vinta/awesome-python,288707
test,python,vinta/awesome-python,288707
category,python,vinta/awesome-python,288707
description,python,vinta/awesome-python,288707
test,python,vinta/awesome-python,288707
contributing,python,vinta/awesome-python,288707
skipped,python,vinta/awesome-python,288707
test,python,vinta/awesome-python,288707
no,python,vinta/awesome-python,288707
separator,python,vinta/awesome-python,288707
test,python,vinta/awesome-python,288707
no,python,vinta/awesome-python,288707
description,python,vinta/awesome-python,288707
test,python,vinta/awesome-python,288707
description,python,vinta/awesome-python,288707
with,python,vinta/awesome-python,288707
link,python,vinta/awesome-python,288707
stripped,python,vinta/awesome-python,288707
test,python,vinta/awesome-python,288707
group,python,vinta/awesome-python,288707
count,python,vinta/awesome-python,288707
test,python,vinta/awesome-python,288707
group,python,vinta/awesome-python,288707
names,python,vinta/awesome-python,288707
test,python,vinta/awesome-python,288707
group,python,vinta/awesome-python,288707
slugs,python,vinta/awesome-python,288707
test,python,vinta/awesome-python,288707
group,python,vinta/awesome-python,288707
one,python,vinta/awesome-python,288707
has,python,vinta/awesome-python,288707
one,python,vinta/awesome-python,288707
category,python,vinta/awesome-python,288707
test,python,vinta/awesome-python,288707
group,python,vinta/awesome-python,288707
two,python,vinta/awesome-python,288707
has,python,vinta/awesome-python,288707
two,python,vinta/awesome-python,288707
categories,python,vinta/awesome-python,288707
test,python,vinta/awesome-python,288707
empty,python,vinta/awesome-python,288707
group,python,vinta/awesome-python,288707
skipped,python,vinta/awesome-python,288707
test,python,vinta/awesome-python,288707
bold,python,vinta/awesome-python,288707
with,python,vinta/awesome-python,288707
extra,python,vinta/awesome-python,288707
text,python,vinta/awesome-python,288707
not,python,vinta/awesome-python,288707
group,python,vinta/awesome-python,288707
marker,python,vinta/awesome-python,288707
test,python,vinta/awesome-python,288707
categories,python,vinta/awesome-python,288707
before,python,vinta/awesome-python,288707
any,python,vinta/awesome-python,288707
group,python,vinta/awesome-python,288707
marker,python,vinta/awesome-python,288707
test,python,vinta/awesome-python,288707
flat,python,vinta/awesome-python,288707
entries,python,vinta/awesome-python,288707
test,python,vinta/awesome-python,288707
link,python,vinta/awesome-python,288707
only,python,vinta/awesome-python,288707
entry,python,vinta/awesome-python,288707
test,python,vinta/awesome-python,288707
subcategorized,python,vinta/awesome-python,288707
entries,python,vinta/awesome-python,288707
test,python,vinta/awesome-python,288707
text,python,vinta/awesome-python,288707
before,python,vinta/awesome-python,288707
link,python,vinta/awesome-python,288707
is,python,vinta/awesome-python,288707
subcategory,python,vinta/awesome-python,288707
test,python,vinta/awesome-python,288707
also,python,vinta/awesome-python,288707
see,python,vinta/awesome-python,288707
sub,python,vinta/awesome-python,288707
entries,python,vinta/awesome-python,288707
test,python,vinta/awesome-python,288707
entry,python,vinta/awesome-python,288707
count,python,vinta/awesome-python,288707
includes,python,vinta/awesome-python,288707
also,python,vinta/awesome-python,288707
see,python,vinta/awesome-python,288707
test,python,vinta/awesome-python,288707
description,python,vinta/awesome-python,288707
html,python,vinta/awesome-python,288707
escapes,python,vinta/awesome-python,288707
xss,python,vinta/awesome-python,288707
load,python,vinta/awesome-python,288707
readme,python,vinta/awesome-python,288707
test,python,vinta/awesome-python,288707
at,python,vinta/awesome-python,288707
least,python,vinta/awesome-python,288707
11,python,vinta/awesome-python,288707
groups,python,vinta/awesome-python,288707
test,python,vinta/awesome-python,288707
first,python,vinta/awesome-python,288707
group,python,vinta/awesome-python,288707
is,python,vinta/awesome-python,288707
ai,python,vinta/awesome-python,288707
ml,python,vinta/awesome-python,288707
test,python,vinta/awesome-python,288707
at,python,vinta/awesome-python,288707
least,python,vinta/awesome-python,288707
69,python,vinta/awesome-python,288707
categories,python,vinta/awesome-python,288707
test,python,vinta/awesome-python,288707
contributing,python,vinta/awesome-python,288707
not,python,vinta/awesome-python,288707
in,python,vinta/awesome-python,288707
results,python,vinta/awesome-python,288707
test,python,vinta/awesome-python,288707
first,python,vinta/awesome-python,288707
category,python,vinta/awesome-python,288707
is,python,vinta/awesome-python,288707
ai,python,vinta/awesome-python,288707
and,python,vinta/awesome-python,288707
agents,python,vinta/awesome-python,288707
test,python,vinta/awesome-python,288707
web,python,vinta/awesome-python,288707
apis,python,vinta/awesome-python,288707
slug,python,vinta/awesome-python,288707
test,python,vinta/awesome-python,288707
descriptions,python,vinta/awesome-python,288707
extracted,python,vinta/awesome-python,288707
test,python,vinta/awesome-python,288707
entry,python,vinta/awesome-python,288707
counts,python,vinta/awesome-python,288707
nonzero,python,vinta/awesome-python,288707
test,python,vinta/awesome-python,288707
async,python,vinta/awesome-python,288707
has,python,vinta/awesome-python,288707
also,python,vinta/awesome-python,288707
see,python,vinta/awesome-python,288707
test,python,vinta/awesome-python,288707
description,python,vinta/awesome-python,288707
links,python,vinta/awesome-python,288707
stripped,python,vinta/awesome-python,288707
to,python,vinta/awesome-python,288707
text,python,vinta/awesome-python,288707
test,python,vinta/awesome-python,288707
miscellaneous,python,vinta/awesome-python,288707
in,python,vinta/awesome-python,288707
own,python,vinta/awesome-python,288707
group,python,vinta/awesome-python,288707
put,java,iluwatar/java-design-patterns,93832
get,java,iluwatar/java-design-patterns,93832
children,java,iluwatar/java-design-patterns,93832
build,java,iluwatar/java-design-patterns,93832
string,java,iluwatar/java-design-patterns,93832
representation,java,iluwatar/java-design-patterns,93832
put,java,iluwatar/java-design-patterns,93832
get,java,iluwatar/java-design-patterns,93832
children,java,iluwatar/java-design-patterns,93832
get,java,iluwatar/java-design-patterns,93832
model,java,iluwatar/java-design-patterns,93832
get,java,iluwatar/java-design-patterns,93832
parts,java,iluwatar/java-design-patterns,93832
children,java,iluwatar/java-design-patterns,93832
get,java,iluwatar/java-design-patterns,93832
price,java,iluwatar/java-design-patterns,93832
get,java,iluwatar/java-design-patterns,93832
type,java,iluwatar/java-design-patterns,93832
should,java,iluwatar/java-design-patterns,93832
put,java,iluwatar/java-design-patterns,93832
and,java,iluwatar/java-design-patterns,93832
get,java,iluwatar/java-design-patterns,93832
value,java,iluwatar/java-design-patterns,93832
should,java,iluwatar/java-design-patterns,93832
retrieve,java,iluwatar/java-design-patterns,93832
children,java,iluwatar/java-design-patterns,93832
should,java,iluwatar/java-design-patterns,93832
retrieve,java,iluwatar/java-design-patterns,93832
empty,java,iluwatar/java-design-patterns,93832
stream,java,iluwatar/java-design-patterns,93832
for,java,iluwatar/java-design-patterns,93832
non,java,iluwatar/java-design-patterns,93832
existing,java,iluwatar/java-design-patterns,93832
children,java,iluwatar/java-design-patterns,93832
should,java,iluwatar/java-design-patterns,93832
include,java,iluwatar/java-design-patterns,93832
props,java,iluwatar/java-design-patterns,93832
in,java,iluwatar/java-design-patterns,93832
to,java,iluwatar/java-design-patterns,93832
string,java,iluwatar/java-design-patterns,93832
should,java,iluwatar/java-design-patterns,93832
handle,java,iluwatar/java-design-patterns,93832
exception,java,iluwatar/java-design-patterns,93832
during,java,iluwatar/java-design-patterns,93832
construction,java,iluwatar/java-design-patterns,93832
should,java,iluwatar/java-design-patterns,93832
put,java,iluwatar/java-design-patterns,93832
and,java,iluwatar/java-design-patterns,93832
get,java,iluwatar/java-design-patterns,93832
nested,java,iluwatar/java-design-patterns,93832
document,java,iluwatar/java-design-patterns,93832
should,java,iluwatar/java-design-patterns,93832
update,java,iluwatar/java-design-patterns,93832
existing,java,iluwatar/java-design-patterns,93832
value,java,iluwatar/java-design-patterns,93832
should,java,iluwatar/java-design-patterns,93832
execute,java,iluwatar/java-design-patterns,93832
app,java,iluwatar/java-design-patterns,93832
without,java,iluwatar/java-design-patterns,93832
exception,java,iluwatar/java-design-patterns,93832
should,java,iluwatar/java-design-patterns,93832
construct,java,iluwatar/java-design-patterns,93832
part,java,iluwatar/java-design-patterns,93832
should,java,iluwatar/java-design-patterns,93832
construct,java,iluwatar/java-design-patterns,93832
car,java,iluwatar/java-design-patterns,93832
run,java,iluwatar/java-design-patterns,93832
create,java,iluwatar/java-design-patterns,93832
kingdom,java,iluwatar/java-design-patterns,93832
get,java,iluwatar/java-design-patterns,93832
description,java,iluwatar/java-design-patterns,93832
get,java,iluwatar/java-design-patterns,93832
description,java,iluwatar/java-design-patterns,93832
get,java,iluwatar/java-design-patterns,93832
description,java,iluwatar/java-design-patterns,93832
get,java,iluwatar/java-design-patterns,93832
description,java,iluwatar/java-design-patterns,93832
get,java,iluwatar/java-design-patterns,93832
description,java,iluwatar/java-design-patterns,93832
create,java,iluwatar/java-design-patterns,93832
castle,java,iluwatar/java-design-patterns,93832
create,java,iluwatar/java-design-patterns,93832
king,java,iluwatar/java-design-patterns,93832
create,java,iluwatar/java-design-patterns,93832
army,java,iluwatar/java-design-patterns,93832
get,java,iluwatar/java-design-patterns,93832
description,java,iluwatar/java-design-patterns,93832
make,java,iluwatar/java-design-patterns,93832
factory,java,iluwatar/java-design-patterns,93832
create,java,iluwatar/java-design-patterns,93832
castle,java,iluwatar/java-design-patterns,93832
create,java,iluwatar/java-design-patterns,93832
king,java,iluwatar/java-design-patterns,93832
create,java,iluwatar/java-design-patterns,93832
army,java,iluwatar/java-design-patterns,93832
get,java,iluwatar/java-design-patterns,93832
description,java,iluwatar/java-design-patterns,93832
get,java,iluwatar/java-design-patterns,93832
description,java,iluwatar/java-design-patterns,93832
get,java,iluwatar/java-design-patterns,93832
description,java,iluwatar/java-design-patterns,93832
create,java,iluwatar/java-design-patterns,93832
castle,java,iluwatar/java-design-patterns,93832
create,java,iluwatar/java-design-patterns,93832
king,java,iluwatar/java-design-patterns,93832
create,java,iluwatar/java-design-patterns,93832
army,java,iluwatar/java-design-patterns,93832
verify,java,iluwatar/java-design-patterns,93832
king,java,iluwatar/java-design-patterns,93832
creation,java,iluwatar/java-design-patterns,93832
verify,java,iluwatar/java-design-patterns,93832
castle,java,iluwatar/java-design-patterns,93832
creation,java,iluwatar/java-design-patterns,93832
verify,java,iluwatar/java-design-patterns,93832
army,java,iluwatar/java-design-patterns,93832
creation,java,iluwatar/java-design-patterns,93832
verify,java,iluwatar/java-design-patterns,93832
elf,java,iluwatar/java-design-patterns,93832
kingdom,java,iluwatar/java-design-patterns,93832
creation,java,iluwatar/java-design-patterns,93832
verify,java,iluwatar/java-design-patterns,93832
orc,java,iluwatar/java-design-patterns,93832
kingdom,java,iluwatar/java-design-patterns,93832
creation,java,iluwatar/java-design-patterns,93832
should,java,iluwatar/java-design-patterns,93832
execute,java,iluwatar/java-design-patterns,93832
application,java,iluwatar/java-design-patterns,93832
without,java,iluwatar/java-design-patterns,93832
exception,java,iluwatar/java-design-patterns,93832
eat,java,iluwatar/java-design-patterns,93832
roam,java,iluwatar/java-design-patterns,93832
name,java,iluwatar/java-design-patterns,93832
kill,java,iluwatar/java-design-patterns,93832
get,java,iluwatar/java-design-patterns,93832
status,java,iluwatar/java-design-patterns,93832
make,python,TheAlgorithms/Python,219007
lowpass,python,TheAlgorithms/Python,219007
make,python,TheAlgorithms/Python,219007
highpass,python,TheAlgorithms/Python,219007
make,python,TheAlgorithms/Python,219007
bandpass,python,TheAlgorithms/Python,219007
make,python,TheAlgorithms/Python,219007
allpass,python,TheAlgorithms/Python,219007
make,python,TheAlgorithms/Python,219007
peak,python,TheAlgorithms/Python,219007
make,python,TheAlgorithms/Python,219007
lowshelf,python,TheAlgorithms/Python,219007
make,python,TheAlgorithms/Python,219007
highshelf,python,TheAlgorithms/Python,219007
set,python,TheAlgorithms/Python,219007
coefficients,python,TheAlgorithms/Python,219007
process,python,TheAlgorithms/Python,219007
get,python,TheAlgorithms/Python,219007
bounds,python,TheAlgorithms/Python,219007
show,python,TheAlgorithms/Python,219007
frequency,python,TheAlgorithms/Python,219007
response,python,TheAlgorithms/Python,219007
show,python,TheAlgorithms/Python,219007
phase,python,TheAlgorithms/Python,219007
response,python,TheAlgorithms/Python,219007
process,python,TheAlgorithms/Python,219007
combination,python,TheAlgorithms/Python,219007
lists,python,TheAlgorithms/Python,219007
generate,python,TheAlgorithms/Python,219007
all,python,TheAlgorithms/Python,219007
combinations,python,TheAlgorithms/Python,219007
create,python,TheAlgorithms/Python,219007
all,python,TheAlgorithms/Python,219007
state,python,TheAlgorithms/Python,219007
generate,python,TheAlgorithms/Python,219007
all,python,TheAlgorithms/Python,219007
permutations,python,TheAlgorithms/Python,219007
create,python,TheAlgorithms/Python,219007
state,python,TheAlgorithms/Python,219007
space,python,TheAlgorithms/Python,219007
tree,python,TheAlgorithms/Python,219007
generate,python,TheAlgorithms/Python,219007
all,python,TheAlgorithms/Python,219007
subsequences,python,TheAlgorithms/Python,219007
create,python,TheAlgorithms/Python,219007
state,python,TheAlgorithms/Python,219007
space,python,TheAlgorithms/Python,219007
tree,python,TheAlgorithms/Python,219007
valid,python,TheAlgorithms/Python,219007
coloring,python,TheAlgorithms/Python,219007
util,python,TheAlgorithms/Python,219007
color,python,TheAlgorithms/Python,219007
color,python,TheAlgorithms/Python,219007
backtrack,python,TheAlgorithms/Python,219007
combination,python,TheAlgorithms/Python,219007
sum,python,TheAlgorithms/Python,219007
main,python,TheAlgorithms/Python,219007
is,python,TheAlgorithms/Python,219007
valid,python,TheAlgorithms/Python,219007
place,python,TheAlgorithms/Python,219007
word,python,TheAlgorithms/Python,219007
remove,python,TheAlgorithms/Python,219007
word,python,TheAlgorithms/Python,219007
solve,python,TheAlgorithms/Python,219007
crossword,python,TheAlgorithms/Python,219007
backtrack,python,TheAlgorithms/Python,219007
generate,python,TheAlgorithms/Python,219007
parenthesis,python,TheAlgorithms/Python,219007
generate,python,TheAlgorithms/Python,219007
parentheses,python,TheAlgorithms/Python,219007
iterative,python,TheAlgorithms/Python,219007
valid,python,TheAlgorithms/Python,219007
connection,python,TheAlgorithms/Python,219007
util,python,TheAlgorithms/Python,219007
hamilton,python,TheAlgorithms/Python,219007
cycle,python,TheAlgorithms/Python,219007
hamilton,python,TheAlgorithms/Python,219007
cycle,python,TheAlgorithms/Python,219007
get,python,TheAlgorithms/Python,219007
valid,python,TheAlgorithms/Python,219007
pos,python,TheAlgorithms/Python,219007
is,python,TheAlgorithms/Python,219007
complete,python,TheAlgorithms/Python,219007
open,python,TheAlgorithms/Python,219007
knight,python,TheAlgorithms/Python,219007
tour,python,TheAlgorithms/Python,219007
helper,python,TheAlgorithms/Python,219007
open,python,TheAlgorithms/Python,219007
knight,python,TheAlgorithms/Python,219007
tour,python,TheAlgorithms/Python,219007
match,python,TheAlgorithms/Python,219007
word,python,TheAlgorithms/Python,219007
pattern,python,TheAlgorithms/Python,219007
backtrack,python,TheAlgorithms/Python,219007
minimax,python,TheAlgorithms/Python,219007
main,python,TheAlgorithms/Python,219007
is,python,TheAlgorithms/Python,219007
safe,python,TheAlgorithms/Python,219007
solve,python,TheAlgorithms/Python,219007
printboard,python,TheAlgorithms/Python,219007
depth,python,TheAlgorithms/Python,219007
first,python,TheAlgorithms/Python,219007
search,python,TheAlgorithms/Python,219007
queens,python,TheAlgorithms/Python,219007
solution,python,TheAlgorithms/Python,219007
backtrack,python,TheAlgorithms/Python,219007
solve,python,TheAlgorithms/Python,219007
solve,python,TheAlgorithms/Python,219007
maze,python,TheAlgorithms/Python,219007
run,python,TheAlgorithms/Python,219007
maze,python,TheAlgorithms/Python,219007
is,python,TheAlgorithms/Python,219007
safe,python,TheAlgorithms/Python,219007
find,python,TheAlgorithms/Python,219007
empty,python,TheAlgorithms/Python,219007
location,python,TheAlgorithms/Python,219007
sudoku,python,TheAlgorithms/Python,219007
print,python,TheAlgorithms/Python,219007
solution,python,TheAlgorithms/Python,219007
generate,python,TheAlgorithms/Python,219007
sum,python,TheAlgorithms/Python,219007
of,python,TheAlgorithms/Python,219007
subsets,python,TheAlgorithms/Python,219007
solutions,python,TheAlgorithms/Python,219007
create,python,TheAlgorithms/Python,219007
state,python,TheAlgorithms/Python,219007
space,python,TheAlgorithms/Python,219007
tree,python,TheAlgorithms/Python,219007
backtrack,python,TheAlgorithms/Python,219007
word,python,TheAlgorithms/Python,219007
break,python,TheAlgorithms/Python,219007
backtrack,python,TheAlgorithms/Python,219007
word,python,TheAlgorithms/Python,219007
ladder,python,TheAlgorithms/Python,219007
get,python,TheAlgorithms/Python,219007
point,python,TheAlgorithms/Python,219007
key,python,TheAlgorithms/Python,219007
exits,python,TheAlgorithms/Python,219007
word,python,TheAlgorithms/Python,219007
word,python,TheAlgorithms/Python,219007
exists,python,TheAlgorithms/Python,219007
binary,python,TheAlgorithms/Python,219007
and,python,TheAlgorithms/Python,219007
binary,python,TheAlgorithms/Python,219007
coded,python,TheAlgorithms/Python,219007
decimal,python,TheAlgorithms/Python,219007
binary,python,TheAlgorithms/Python,219007
count,python,TheAlgorithms/Python,219007
setbits,python,TheAlgorithms/Python,219007
get,java,macrozheng/mall,83224
authorities,java,macrozheng/mall,83224
get,java,macrozheng/mall,83224
password,java,macrozheng/mall,83224
get,java,macrozheng/mall,83224
username,java,macrozheng/mall,83224
is,java,macrozheng/mall,83224
account,java,macrozheng/mall,83224
non,java,macrozheng/mall,83224
expired,java,macrozheng/mall,83224
is,java,macrozheng/mall,83224
account,java,macrozheng/mall,83224
non,java,macrozheng/mall,83224
locked,java,macrozheng/mall,83224
is,java,macrozheng/mall,83224
credentials,java,macrozheng/mall,83224
non,java,macrozheng/mall,83224
expired,java,macrozheng/mall,83224
is,java,macrozheng/mall,83224
enabled,java,macrozheng/mall,83224
cors,java,macrozheng/mall,83224
filter,java,macrozheng/mall,83224
user,java,macrozheng/mall,83224
details,java,macrozheng/mall,83224
service,java,macrozheng/mall,83224
dynamic,java,macrozheng/mall,83224
security,java,macrozheng/mall,83224
service,java,macrozheng/mall,83224
load,java,macrozheng/mall,83224
data,java,macrozheng/mall,83224
source,java,macrozheng/mall,83224
oss,java,macrozheng/mall,83224
client,java,macrozheng/mall,83224
swagger,java,macrozheng/mall,83224
properties,java,macrozheng/mall,83224
springfox,java,macrozheng/mall,83224
handler,java,macrozheng/mall,83224
provider,java,macrozheng/mall,83224
bean,java,macrozheng/mall,83224
post,java,macrozheng/mall,83224
processor,java,macrozheng/mall,83224
generate,java,macrozheng/mall,83224
bean,java,macrozheng/mall,83224
post,java,macrozheng/mall,83224
processor,java,macrozheng/mall,83224
list,java,macrozheng/mall,83224
all,java,macrozheng/mall,83224
list,java,macrozheng/mall,83224
all,java,macrozheng/mall,83224
get,java,macrozheng/mall,83224
list,java,macrozheng/mall,83224
upload,java,macrozheng/mall,83224
create,java,macrozheng/mall,83224
bucket,java,macrozheng/mall,83224
policy,java,macrozheng/mall,83224
config,java,macrozheng/mall,83224
dto,java,macrozheng/mall,83224
delete,java,macrozheng/mall,83224
list,java,macrozheng/mall,83224
list,java,macrozheng/mall,83224
delivery,java,macrozheng/mall,83224
close,java,macrozheng/mall,83224
delete,java,macrozheng/mall,83224
detail,java,macrozheng/mall,83224
update,java,macrozheng/mall,83224
receiver,java,macrozheng/mall,83224
info,java,macrozheng/mall,83224
update,java,macrozheng/mall,83224
note,java,macrozheng/mall,83224
list,java,macrozheng/mall,83224
delete,java,macrozheng/mall,83224
get,java,macrozheng/mall,83224
item,java,macrozheng/mall,83224
update,java,macrozheng/mall,83224
status,java,macrozheng/mall,83224
create,java,macrozheng/mall,83224
update,java,macrozheng/mall,83224
delete,java,macrozheng/mall,83224
list,java,macrozheng/mall,83224
get,java,macrozheng/mall,83224
item,java,macrozheng/mall,83224
update,java,macrozheng/mall,83224
status,java,macrozheng/mall,83224
get,java,macrozheng/mall,83224
item,java,macrozheng/mall,83224
update,java,macrozheng/mall,83224
policy,java,macrozheng/mall,83224
callback,java,macrozheng/mall,83224
get,java,macrozheng/mall,83224
list,java,macrozheng/mall,83224
create,java,macrozheng/mall,83224
update,java,macrozheng/mall,83224
delete,java,macrozheng/mall,83224
get,java,macrozheng/mall,83224
item,java,macrozheng/mall,83224
delete,java,macrozheng/mall,83224
batch,java,macrozheng/mall,83224
update,java,macrozheng/mall,83224
show,java,macrozheng/mall,83224
status,java,macrozheng/mall,83224
update,java,macrozheng/mall,83224
factory,java,macrozheng/mall,83224
status,java,macrozheng/mall,83224
create,java,macrozheng/mall,83224
update,java,macrozheng/mall,83224
delete,java,macrozheng/mall,83224
get,java,macrozheng/mall,83224
item,java,macrozheng/mall,83224
get,java,macrozheng/mall,83224
list,java,macrozheng/mall,83224
get,java,macrozheng/mall,83224
list,java,macrozheng/mall,83224
with,java,macrozheng/mall,83224
attr,java,macrozheng/mall,83224
get,java,macrozheng/mall,83224
list,java,macrozheng/mall,83224
create,java,macrozheng/mall,83224
update,java,macrozheng/mall,83224
get,java,macrozheng/mall,83224
item,java,macrozheng/mall,83224
delete,java,macrozheng/mall,83224
get,java,macrozheng/mall,83224
attr,java,macrozheng/mall,83224
info,java,macrozheng/mall,83224
create,java,macrozheng/mall,83224
update,java,macrozheng/mall,83224
get,java,macrozheng/mall,83224
list,java,macrozheng/mall,83224
get,java,macrozheng/mall,83224
item,java,macrozheng/mall,83224
delete,java,macrozheng/mall,83224
update,java,macrozheng/mall,83224
nav,java,macrozheng/mall,83224
status,java,macrozheng/mall,83224
update,java,macrozheng/mall,83224
show,java,macrozheng/mall,83224
status,java,macrozheng/mall,83224
list,java,macrozheng/mall,83224
with,java,macrozheng/mall,83224
children,java,macrozheng/mall,83224
create,java,macrozheng/mall,83224
get,java,macrozheng/mall,83224
update,java,macrozheng/mall,83224
info,java,macrozheng/mall,83224
update,java,macrozheng/mall,83224
get,java,macrozheng/mall,83224
list,java,macrozheng/mall,83224
update,java,macrozheng/mall,83224
verify,java,macrozheng/mall,83224
status,java,macrozheng/mall,83224
update,java,macrozheng/mall,83224
publish,java,macrozheng/mall,83224
status,java,macrozheng/mall,83224
update,java,macrozheng/mall,83224
recommend,java,macrozheng/mall,83224
status,java,macrozheng/mall,83224
update,java,macrozheng/mall,83224
new,java,macrozheng/mall,83224
status,java,macrozheng/mall,83224
update,java,macrozheng/mall,83224
delete,java,macrozheng/mall,83224
status,java,macrozheng/mall,83224
get,java,macrozheng/mall,83224
list,java,macrozheng/mall,83224
update,java,macrozheng/mall,83224
add,java,macrozheng/mall,83224
delete,java,macrozheng/mall,83224
update,java,macrozheng/mall,83224
list,java,macrozheng/mall,83224
get,java,macrozheng/mall,83224
item,java,macrozheng/mall,83224
list,java,macrozheng/mall,83224
create,java,macrozheng/mall,83224
update,java,macrozheng/mall,83224
delete,java,macrozheng/mall,83224
get,java,macrozheng/mall,83224
item,java,macrozheng/mall,83224
create,java,macrozheng/mall,83224
update,java,macrozheng/mall,83224
delete,java,macrozheng/mall,83224
get,java,macrozheng/mall,83224
item,java,macrozheng/mall,83224
list,java,macrozheng/mall,83224
create,java,macrozheng/mall,83224
update,java,macrozheng/mall,83224
update,java,macrozheng/mall,83224
status,java,macrozheng/mall,83224
delete,java,macrozheng/mall,83224
get,java,macrozheng/mall,83224
item,java,macrozheng/mall,83224
list,java,macrozheng/mall,83224
select,java,macrozheng/mall,83224
list,java,macrozheng/mall,83224
create,java,macrozheng/mall,83224
delete,java,macrozheng/mall,83224
update,java,macrozheng/mall,83224
status,java,macrozheng/mall,83224
get,java,macrozheng/mall,83224
item,java,macrozheng/mall,83224
update,java,macrozheng/mall,83224
list,java,macrozheng/mall,83224
create,java,macrozheng/mall,83224
update,java,macrozheng/mall,83224
sort,java,macrozheng/mall,83224
delete,java,macrozheng/mall,83224
update,java,macrozheng/mall,83224
recommend,java,macrozheng/mall,83224
status,java,macrozheng/mall,83224
list,java,macrozheng/mall,83224
create,java,macrozheng/mall,83224
update,java,macrozheng/mall,83224
sort,java,macrozheng/mall,83224
delete,java,macrozheng/mall,83224
update,java,macrozheng/mall,83224
recommend,java,macrozheng/mall,83224
status,java,macrozheng/mall,83224
list,java,macrozheng/mall,83224
